name,price,price_new,specs,warranty
"
      MacBook Air 11"" (2015) - QWERTY - English (US)
    ","
        $175.00
      ","
          $1,299.00
        ","
        Core i5 - 1.6 GHz - SSD 128 GB - RAM 4GB
      ","
      Warranty: 12 months
    "
"
      Dell Chromebook 11 3120 Celeron N2840 2.16 GHz 16GB SSD - 4GB
    ","
        $45.99
      ","
          $475.00
        ","(None,)","
      Warranty: 12 months
    "
"
      MSI GF75 Thin 10SCSR-448 17.3-inch - Core i5-10300H - 8GB 512GB NVIDIA GeForce GTX 1650 QWERTY - English (US)
    ","
        $699.66
      ","
          $814.99
        ","(None,)","
      Warranty: 12 months
    "
"
      MacBook Air 13"" (2015) - QWERTY - English (US)
    ","
        $210.95
      ","
          $500.00
        ","
        Core i5 - 1.6 GHz - SSD 128 GB - RAM 8GB
      ","
      Warranty: 12 months
    "
"
      MacBook Air 13"" (2017) - QWERTY - English (US)
    ","
        $317.65
      ","
          $999.00
        ","
        Core i5 - 1.8 GHz - SSD 128 GB - RAM 8GB
      ","
      Warranty: 12 months
    "
"
      MacBook Air 11"" (2015) - QWERTY - English (US)
    ","
        $175.00
      ","
          $1,299.00
        ","
        Core i5 - 1.6 GHz - SSD 128 GB - RAM 4GB
      ","
      Warranty: 12 months
    "
"
      Magic mouse 2 Wireless - Silver
    ","
        $49.99
      ","
          $99.00
        ","(None,)","
      Warranty: 12 months
    "
"
      MacBook Air 13"" (2017) - QWERTY - English (US)
    ","
        $384.48
      ","
          $899.00
        ","
        Core i5 - 1.8 GHz - SSD 256 GB - RAM 8GB
      ","
      Warranty: 18 months
    "
"
      Magic mouse Wireless - White
    ","
        $36.99
      ","
          $99.00
        ","(None,)","
      Warranty: 12 months
    "
"
      MacBook Air 13"" (2015) - QWERTY - English (US)
    ","
        $210.95
      ","
          $500.00
        ","
        Core i5 - 1.6 GHz - SSD 128 GB - RAM 8GB
      ","
      Warranty: 12 months
    "
"
      Dell Chromebook 11 3120 Celeron N2840 2.16 GHz 16GB SSD - 4GB
    ","
        $45.99
      ","
          $475.00
        ","(None,)","
      Warranty: 12 months
    "
"
      MacBook Pro 13"" (2017) - QWERTY - English (US)
    ","
        $400.00
      ","
          $1,300.00
        ","
        Retina - Core i5 - 2.3 GHz - SSD 128 GB - RAM 8GB
      ","
      Warranty: 12 months
    "
"
      MacBook Air 13"" (2015) - QWERTY - English (US)
    ","
        $236.81
      ","
          $1,398.00
        ","
        Core i5 - 1.6 GHz - SSD 256 GB - RAM 8GB
      ","
      Warranty: 12 months
    "
"
      MacBook Pro 13"" (2019) - QWERTY - English (US)
    ","
        $707.06
      ","
          $1,299.00
        ","
        Touch Bar - Retina - Core i5 - 1.4 GHz - SSD 128 GB - RAM 8GB
      ","
      Warranty: 12 months
    "
"
      MacBook Pro 16"" (2019) - QWERTY - English (US)
    ","
        $1,379.00
      ","
          $2,799.00
        ","
        Touch Bar - Retina - Core i9 - 2.3 GHz - SSD 1000 GB - RAM 16GB
      ","
      Warranty: 12 months
    "
"
      MacBook Air 13"" (2015) - QWERTY - English (US)
    ","
        $374.00
      ","
          $1,149.00
        ","
        Core i7 - 2.2 GHz - SSD 256 GB - RAM 8GB
      ","
      Warranty: 12 months
    "
"
      iMac 21.5-inch Retina (Mid-2017) Core i5 3.0GHz - HDD 1 TB - 8GB
    ","
        $390.43
      ","
          $1,300.00
        ","(None,)","
      Warranty: 12 months
    "
"
      MacBook Pro 13"" (2012) - QWERTY - English (US)
    ","
        $180.92
      ","
          $1,199.00
        ","
        Core i5 - 2.5 GHz - HDD 512 GB - RAM 4GB
      ","
      Warranty: 12 months
    "
"
      MacBook Pro 15"" (2015) - QWERTY - English (US)
    ","
        $543.46
      ","
          $2,499.00
        ","
        Retina - Core i7 - 2.5 GHz - SSD 512 GB - RAM 16GB
      ","
      Warranty: 12 months
    "
"
      MacBook Pro 13"" (2015) - QWERTY - English (US)
    ","
        $313.39
      ","
          $1,299.00
        ","
        Retina - Core i5 - 2.7 GHz - SSD 128 GB - RAM 8GB
      ","
      Warranty: 12 months
    "
"
      MacBook Air 11"" (2014) - QWERTY - English (US)
    ","
        $173.90
      ","
          $899.00
        ","
        Core i5 - 1.4 GHz - SSD 128 GB - RAM 4GB
      ","
      Warranty: 12 months
    "
"
      iMac Core i5 2.7 GHz - HDD 1 TB RAM 8GB
    ","
        $199.99
      ","
          $599.00
        ","(None,)","
      Warranty: 12 months
    "
"
      MacBook Air 13"" (2019) - QWERTY - English (US)
    ","
        $599.99
      ","
          $1,099.00
        ","
        Retina - Core i5 - 1.6 GHz - SSD 128 GB - RAM 8GB
      ","
      Warranty: 12 months
    "
"
      MacBook Pro 13"" (2015) - QWERTY - English (US)
    ","
        $589.00
      ","
          $1,549.00
        ","
        Retina - Core i5 - 2.7 GHz - SSD 256 GB - RAM 8GB
      ","
      Warranty: 12 months
    "
"
      MacBook Pro 15"" (2015) - QWERTY - English (US)
    ","
        $417.00
      ","
          $1,999.00
        ","
        Retina - Core i7 - 2.2 GHz - SSD 256 GB - RAM 16GB
      ","
      Warranty: 12 months
    "
"
      Chromebook 3 XE500C13 11.6-inch (2021) - Celeron N3060 - 4 GB - eMMC 16 GB
    ","
        $67.80
      ","
          $399.99
        ","(None,)","
      Warranty: 12 months
    "
"
      MacBook Pro 13"" (2017) - QWERTY - English (US)
    ","
        $444.29
      ","
          $1,299.00
        ","
        Retina - Core i5 - 2.3 GHz - SSD 128 GB - RAM 8GB
      ","
      Warranty: 12 months
    "
"
      MacBook Pro 13"" (2017) - QWERTY - English (US)
    ","
        $469.99
      ","
          $513.00
        ","
        Retina - Core i5 - 2.3 GHz - SSD 256 GB - RAM 8GB
      ","
      Warranty: 12 months
    "
"
      MacBook Air 13"" (2015) - QWERTY - English (US)
    ","
        $201.19
      ","
          $999.00
        ","
        Core i5 - 1.6 GHz - SSD 128 GB - RAM 4GB
      ","
      Warranty: 18 months
    "
"
      MacBook Pro 16"" (2019) - QWERTY - English (US)
    ","
        $1,176.07
      ","
          $2,499.00
        ","
        Touch Bar - Retina - Core i7 - 2.6 GHz - SSD 512 GB - RAM 16GB
      ","
      Warranty: 12 months
    "
"
      27-inch Monitor 2560 x 1440 QHD (Thunderbolt)
    ","
        $280.00
      ","
          $1,100.00
        ","(None,)","
      Warranty: 12 months
    "
"
      MacBook Air 11"" (2015) - QWERTY - English (US)
    ","
        $285.00
      ","
          $899.00
        ","
        Core i5 - 1.6 GHz - SSD 256 GB - RAM 4GB
      ","
      Warranty: 12 months
    "
"
      MacBook Pro 15"" (2019) - QWERTY - English (US)
    ","
        $1,440.00
      ","
          $1,999.00
        ","
        Touch Bar - Retina - Core i7 - 2.6 GHz - SSD 256 GB - RAM 16GB
      ","
      Warranty: 12 months
    "
"
      MacBook Pro 13"" (2015) - QWERTY - English (US)
    ","
        $359.67
      ","
          $1,499.00
        ","
        Retina - Core i7 - 3.1 GHz - SSD 512 GB - RAM 16GB
      ","
      Warranty: 12 months
    "
"
      Mac Mini Core i5 2.6GHz (2014)  1TB / 8GB RAM
    ","
        $182.28
      ","
          $699.00
        ","(None,)","
      Warranty: 12 months
    "
"
      MacBook Air 13"" (2018) - QWERTY - English (US)
    ","
        $583.59
      ","
          $1,399.00
        ","
        Retina - Core i5 - 1.6 GHz - SSD 128 GB - RAM 8GB
      ","
      Warranty: 12 months
    "
"
      MacBook Air 11"" (2015) - QWERTY - English (US)
    ","
        $176.00
      ","
          $899.00
        ","
        Core i5 - 1.6 GHz - SSD 128 GB - RAM 8GB
      ","
      Warranty: 12 months
    "
"
      MacBook Pro 13"" (2019) - QWERTY - English (US)
    ","
        $701.00
      ","
          $1,799.00
        ","
        Touch Bar - Retina - Core i5 - 1.4 GHz - SSD 256 GB - RAM 8GB
      ","
      Warranty: 12 months
    "
"
      Lenovo Chromebook ThinkPad 11e Celeron N2940 1.83 GHz 16GB SSD - 4GB
    ","
        $59.00
      ","
          $250.00
        ","(None,)","
      Warranty: 12 months
    "
"
      iMac 21.5-inch   (Mid-2017) Core i5 2.3GHz  - HDD 1 TB - 8GB
    ","
        $369.99
      ","
          $1,099.00
        ","(None,)","
      Warranty: 12 months
    "
"
      HP 11A G8 EE A4 1.6 ghz 32gb eMMC - 4gb QWERTY - English (US)
    ","
        $99.66
      ","
          $439.99
        ","(None,)","
      Warranty: 12 months
    "
"
      HP Chromebook 14 G4 Celeron 2.16 ghz 16gb SSD - 4gb QWERTY - English (US)
    ","
        $99.99
      ","
          $250.00
        ","(None,)","
      Warranty: 12 months
    "
"
      34-inch Monitor 3440 x 1440 UW-QHD (LS34J552WQNXZA)
    ","
        $279.99
      ","
          $599.99
        ","(None,)","
      Warranty: 12 months
    "
"
      MacBook Air 13"" (2017) - QWERTY - English (US)
    ","
        $382.44
      ","
          $1,297.00
        ","
        Retina - Core i5 - 1.8 GHz - SSD 128 GB - RAM 8GB
      ","
      Warranty: 12 months
    "
"
      MacBook Air 13"" (2019) - QWERTY - English (US)
    ","
        $655.16
      ","
          $1,099.00
        ","
        Retina - Core i5 - 1.6 GHz - SSD 256 GB - RAM 8GB
      ","
      Warranty: 12 months
    "
"
      MacBook Pro 15"" (2017) - QWERTY - English (US)
    ","
        $628.77
      ","
          $2,799.00
        ","
        Touch Bar - Retina - Core i7 - 2.9 GHz - SSD 512 GB - RAM 16GB
      ","
      Warranty: 12 months
    "
"
      MacBook Pro 15"" (2017) - QWERTY - English (US)
    ","
        $685.93
      ","
          $2,399.00
        ","
        Touch Bar - Retina - Core i7 - 2.8 GHz - SSD 256 GB - RAM 16GB
      ","
      Warranty: 12 months
    "
"
      Acer ChromeBook C740-C4PE Celeron 3205U 1.5 GHz 16GB SSD - 4GB
    ","
        $59.99
      ","
          $114.00
        ","(None,)","
      Warranty: 12 months
    "
"
      iMac 21.5-inch Retina (Early 2019) Core i3 3.6GHz - HDD 1 TB - 8GB
    ","
        $559.99
      ","
          $1,500.00
        ","(None,)","
      Warranty: 12 months
    "
"
      MacBook Pro 13"" (2012) - QWERTY - English (US)
    ","
        $189.99
      ","
          $1,199.00
        ","
        Core i5 - 2.5 GHz - HDD 512 GB - RAM 8GB
      ","
      Warranty: 12 months
    "
"
      MacBook Pro 13"" (2018) - QWERTY - English (US)
    ","
        $614.99
      ","
          $1,499.00
        ","
        Touch Bar - Retina - Core i5 - 2.3 GHz - SSD 256 GB - RAM 8GB
      ","
      Warranty: 12 months
    "
"
      MacBook Pro 13"" (2020) - QWERTY - English (US)
    ","
        $729.99
      ","
          $1,499.00
        ","
        Touch Bar - Retina - Core i5 - 1.4 GHz - SSD 256 GB - RAM 8GB
      ","
      Warranty: 12 months
    "
"
      Dell Latitude 7280 12.5-inch (2019) - Core i5-7300U - 8 GB - SSD 256 GB
    ","
        $845.99
      ","
          $1,099.99
        ","(None,)","
      Warranty: 12 months
    "
"
      MacBook Air 13"" (2017) - QWERTY - English (US)
    ","
        $399.00
      ","
          $413.00
        ","
        Touch Bar - Retina - Core i5 - 1.8 GHz - SSD 128 GB - RAM 8GB
      ","
      Warranty: 12 months
    "
"
      Dell ChromeBook 3189 Celeron N3060 1.6 GHz 16GB eMMC - 4GB
    ","
        $109.99
      ","
          $399.00
        ","(None,)","
      Warranty: 12 months
    "
"
      MacBook Pro 13"" (2017) - QWERTY - English (US)
    ","
        $879.00
      ","
          $2,699.00
        ","
        Touch Bar - Retina - Core i7 - 3.5 GHz - SSD 512 GB - RAM 16GB
      ","
      Warranty: 12 months
    "
"
      MacBook Air 13"" (2019) - QWERTY - English (US)
    ","
        $885.38
      ","
          $1,099.00
        ","
        Retina - Core i5 - 1.6 GHz - SSD 128 GB - RAM 8GB
      ","
      Warranty: 12 months
    "
"
      Apple 85W MagSafe 2 Power Adapter
    ","
        $31.49
      ","
          $89.00
        ","(None,)","
      Warranty: 12 months
    "
"
      MagSafe Battery Pack Smartphone Accessories
    ","
        $47.00
      ","
          $99.00
        ","(None,)","
      Warranty: 12 months
    "
"
      MacBook Air 13"" (2020) - QWERTY - English (US)
    ","
        $769.00
      ","
          $1,248.00
        ","
        Retina - Core i5 - 1.1 GHz - SSD 512 GB - RAM 8GB
      ","
      Warranty: 12 months
    "
"
      MacBook Pro 16"" (2019) - QWERTY - English (US)
    ","
        $1,199.00
      ","
          $2,399.00
        ","
        Touch Bar - Retina - Core i7 - 2.6 GHz - SSD 512 GB - RAM 16GB
      ","
      Warranty: 12 months
    "
"
      MacBook Pro 13"" (2012) - QWERTY - English (US)
    ","
        $190.94
      ","
          $2,673.00
        ","
        Core i5 - 2.5 GHz - SSD 256 GB - RAM 4GB
      ","
      Warranty: 12 months
    "
"
      Acer ChromeBook C740-C4PE Celeron 3205U 1.5 GHz 16GB SSD - 4GB
    ","
        $65.00
      ","
          $596.28
        ","(None,)","
      Warranty: 12 months
    "
"
      Mac Mini Core i5-3210M 2.4GHz - HDD 500GB - RAM 4GB - QWERTY
    ","
        $103.95
      ","
          $799.00
        ","(None,)","
      Warranty: 12 months
    "
"
      Microsoft Surface Pro 5 12"" Core i5 2.6 GHz - SSD 256 GB - 8 GB QWERTY - English (US)
    ","
        $355.00
      ","
          $1,774.00
        ","(None,)","
      Warranty: 12 months
    "
"
      MacBook Pro 13"" (2017) - QWERTY - English (US)
    ","
        $380.00
      ","
          $1,299.00
        ","
        Retina - Core i5 - 2.3 GHz - SSD 128 GB - RAM 8GB
      ","
      Warranty: 12 months
    "
"
      MacBook Air 13"" (2015) - QWERTY - English (US)
    ","
        $324.11
      ","
          $1,199.00
        ","
        Core i7 - 2.2 GHz - SSD 512 GB - RAM 8GB
      ","
      Warranty: 12 months
    "
"
      MacBook Pro 15"" (2015) - QWERTY - English (US)
    ","
        $494.99
      ","
          $1,999.00
        ","
        Retina - Core i7 - 2.2 GHz - SSD 512 GB - RAM 16GB
      ","
      Warranty: 12 months
    "
"
      MacBook Air 13"" (2020) - QWERTY - English (US)
    ","
        $749.99
      ","
          $1,500.00
        ","
        Retina - Core i3 - 1.1 GHz - SSD 256 GB - RAM 8GB
      ","
      Warranty: 12 months
    "
"
      MacBook Pro 15"" (2018) - QWERTY - English (US)
    ","
        $724.00
      ","
          $2,740.00
        ","
        Touch Bar - Retina - Core i7 - 2.6 GHz - SSD 512 GB - RAM 16GB
      ","
      Warranty: 12 months
    "
"
      MacBook Air 13"" (2020) - QWERTY - English (US)
    ","
        $824.99
      ","
          $1,099.00
        ","
        Retina - Core i5 - 1.1 GHz - SSD 256 GB - RAM 8GB
      ","
      Warranty: 12 months
    "
"
      MacBook Pro 16"" (2019) - QWERTY - English (US)
    ","
        $1,588.00
      ","
          $3,190.00
        ","
        Touch Bar - Retina - Core i9 - 2.3 GHz - SSD 1000 GB - RAM 16GB
      ","
      Warranty: 12 months
    "
"
      Apple 18W Fast Charging for iPhone 11 Pro & iPad Pro
    ","
        $14.99
      ","
          $29.00
        ","(None,)","
      Warranty: 12 months
    "
"
      MacBook 12"" (2016) - QWERTY - English (US)
    ","
        $413.90
      ","
          $1,299.00
        ","
        Retina - Core m3 - 1.1 GHz - SSD 256 GB - RAM 8GB
      ","
      Warranty: 12 months
    "
"
      HP Chromebook 14 G4 Celeron 2.16 ghz 16gb eMMC - 4gb QWERTY - English (US)
    ","
        $59.99
      ","
          $118.00
        ","(None,)","
      Warranty: 12 months
    "
"
      Dell ChromeBook 11 3189 Celeron N3060 1.6 GHz 16GB eMMC - 4GB
    ","
        $109.99
      ","
          $399.00
        ","(None,)","
      Warranty: 12 months
    "
"
      MacBook Air 13"" (2013) - QWERTY - English (US)
    ","
        $205.11
      ","
          $1,297.00
        ","
        Core i5 - 1.3 GHz - SSD 128 GB - RAM 4GB
      ","
      Warranty: 12 months
    "
"
      MacBook Pro 13"" (2017) - QWERTY - English (US)
    ","
        $623.97
      ","
          $1,999.99
        ","
        Touch Bar - Retina - Core i5 - 3.1 GHz - SSD 256 GB - RAM 8GB
      ","
      Warranty: 12 months
    "
"
      MacBook Air 13"" (2019) - QWERTY - English (US)
    ","
        $731.00
      ","
          $1,599.00
        ","
        Retina - Core i5 - 1.6 GHz - SSD 256 GB - RAM 16GB
      ","
      Warranty: 12 months
    "
"
      MacBook 12"" (2017) - QWERTY - English (US)
    ","
        $324.00
      ","
          $939.00
        ","
        Retina - Core m3 - 1.2 GHz - SSD 256 GB - RAM 8GB
      ","
      Warranty: 12 months
    "
"
      MacBook Air 11"" (2012) - QWERTY - English (US)
    ","
        $136.00
      ","
          $999.00
        ","
        Core i5 - 1.7 GHz - SSD 64 GB - RAM 4GB
      ","
      Warranty: 12 months
    "
"
      iMac 27-inch Retina (Mid-2017) Core i5 3.4GHz - HDD 1 TB - 8GB
    ","
        $679.99
      ","
          $1,900.00
        ","(None,)","
      Warranty: 12 months
    "
"
      Lenovo N23 Chromebook Celeron N3060 1.6 GHz 16GB SSD - 4GB
    ","
        $54.72
      ","
          $179.00
        ","(None,)","
      Warranty: 12 months
    "
"
      HP Chromebook 14B-NA0010WM Ryzen 3 2.6 ghz 128gb SSD - 4gb QWERTY - English (US)
    ","
        $189.99
      ","
          $499.99
        ","(None,)","
      Warranty: 12 months
    "
"
      MacBook Pro 15"" (2015) - QWERTY - English (US)
    ","
        $528.03
      ","
          $1,300.00
        ","
        Retina - Core i7 - 2.5 GHz - SSD 512 GB - RAM 16GB
      ","
      Warranty: 12 months
    "
"
      MacBook Pro 15"" (2016) - QWERTY - English (US)
    ","
        $547.00
      ","
          $2,799.00
        ","
        Touch Bar - Retina - Core i7 - 2.7 GHz - SSD 512 GB - RAM 16GB
      ","
      Warranty: 12 months
    "
"
      MacBook Pro 13"" (2017) - QWERTY - English (US)
    ","
        $729.99
      ","
          $2,299.00
        ","
        Touch Bar - Retina - Core i7 - 3.5 GHz - SSD 512 GB - RAM 16GB
      ","
      Warranty: 12 months
    "
"
      MacBook Pro 15"" (2017) - QWERTY - English (US)
    ","
        $675.00
      ","
          $2,799.00
        ","
        Touch Bar - Retina - Core i7 - 2.9 GHz - SSD 512 GB - RAM 16GB
      ","
      Warranty: 12 months
    "
"
      Mighty mouse - White
    ","
        $29.99
      ","
          $45.00
        ","(None,)","
      Warranty: 12 months
    "
"
      Dell OptiPlex 990 Core i5 3.1 GHz GHz - HDD 2 TB RAM 8GB
    ","
        $195.00
      ","
          $1,099.00
        ","(None,)","
      Warranty: 12 months
    "
"
      MacBook Pro 13"" (2012) - QWERTY - English (US)
    ","
        $255.00
      ","
          $1,499.00
        ","
        Core i7 - 2.9 GHz - HDD 750 GB - RAM 8GB
      ","
      Warranty: 12 months
    "
"
      Mac mini (November 2020) M1 3.2 GHz - SSD 256 GB - 8GB
    ","
        $545.00
      ","
          $799.00
        ","(None,)","
      Warranty: 12 months
    "
"
      MacBook Pro 13"" (2017) - QWERTY - English (US)
    ","
        $648.00
      ","
          $1,799.00
        ","
        Touch Bar - Retina - Core i5 - 3.1 GHz - SSD 512 GB - RAM 8GB
      ","
      Warranty: 12 months
    "
"
      MacBook Pro 13"" (2019) - QWERTY - English (US)
    ","
        $699.99
      ","
          $1,699.00
        ","
        Touch Bar - Retina - Core i5 - 2.4 GHz - SSD 256 GB - RAM 8GB
      ","
      Warranty: 12 months
    "
"
      Microsoft Type Cover Keyboard for Surface 3 Qwerty - Black
    ","
        $49.99
      ","
          $130.00
        ","(None,)","
      Warranty: 12 months
    "
"
      Hp 11-G5 11.6-inch (2016) - Celeron N3060 - 4 GB - 16 GB HDD + SSD
    ","
        $92.00
      ","
          $269.00
        ","(None,)","
      Warranty: 12 months
    "
"
      Dell OptiPlex 990 Core i7 3.4 GHz GHz - HDD 500 GB RAM 8GB
    ","
        $229.99
      ","
          $799.00
        ","(None,)","
      Warranty: 12 months
    "
"
      iMac 21.5-inch Retina (Mid-2017) Core i5 3GHz  - HDD 1 TB - 8GB
    ","
        $441.99
      ","
          $1,299.00
        ","(None,)","
      Warranty: 12 months
    "
"
      MacBook Pro 13"" (2020) - QWERTY - English (US)
    ","
        $899.00
      ","
          $2,399.00
        ","
        Touch Bar - Retina - Core i5 - 2.0 GHz - SSD 512 GB - RAM 16GB
      ","
      Warranty: 12 months
    "
"
      MacBook Air 11"" (2015) - QWERTY - English (US)
    ","
        $228.97
      ","
          $899.00
        ","
        Core i5 - 1.6 GHz - SSD 256 GB - RAM 8GB
      ","
      Warranty: 12 months
    "
"
      MacBook Air 13"" (2017) - QWERTY - English (US)
    ","
        $399.00
      ","
          $1,149.00
        ","
        Core i7 - 2.2 GHz - SSD 128 GB - RAM 8GB
      ","
      Warranty: 12 months
    "
"
      MacBook Air 13"" (2017) - QWERTY - English
    ","
        $457.52
      ","
          $1,499.00
        ","
        Core i7 - 2.2 GHz - SSD 256 GB - RAM 8GB
      ","
      Warranty: 12 months
    "
"
      MacBook Air 13"" (2017) - QWERTY - English (US)
    ","
        $522.00
      ","
          $1,199.00
        ","
        Core i5 - 1.8 GHz - SSD 512 GB - RAM 8GB
      ","
      Warranty: 12 months
    "
"
      MacBook Pro 13"" (2017) - QWERTY - English (US)
    ","
        $529.99
      ","
          $1,449.00
        ","
        Retina - Core i5 - 2.3 GHz - SSD 256 GB - RAM 8GB
      ","
      Warranty: 12 months
    "
"
      MacBook Pro 13"" (2019) - QWERTY - English (US)
    ","
        $635.00
      ","
          $1,599.00
        ","
        Touch Bar - Retina - Core i5 - 1.4 GHz - SSD 128 GB - RAM 8GB
      ","
      Warranty: 12 months
    "
"
      Dell Chromebook 11-3180 Celeron N3060 1.6 GHz 16GB SSD - 4GB
    ","
        $49.00
      ","
          $299.00
        ","(None,)","
      Warranty: 12 months
    "
"
      HP Chromebook 11 G4 EE V2W29UT Celeron 2.16 ghz 16gb SSD - 2gb QWERTY - English (US)
    ","
        $58.38
      ","
          $289.99
        ","(None,)","
      Warranty: 12 months
    "
"
      MacBook Air 13"" (2012) - QWERTY - English (US)
    ","
        $153.00
      ","
          $999.00
        ","
        Core i5 - 1.7 GHz - SSD 64 GB - RAM 4GB
      ","
      Warranty: 12 months
    "
"
      MacBook Air 11"" (2014) - QWERTY - English (US)
    ","
        $208.26
      ","
          $899.00
        ","
        Core i5 - 1.4 GHz - SSD 256 GB - RAM 4GB
      ","
      Warranty: 12 months
    "
"
      Hp EliteBook x360 1030 G2 13.3-inch (2017) - Core i7-7600U - 16 GB - HDD 512 GB
    ","
        $499.99
      ","
          $1,250.00
        ","(None,)","
      Warranty: 12 months
    "
"
      Acer Predator Orion 3000 PO3-630G-UW91 Core i5-11400F 2.6 GHz - SSD 512 GB - 8GB
    ","
        $734.99
      ","
          $1,999.00
        ","(None,)","
      Warranty: 12 months
    "
"
      iMac 27-inch Retina (Early 2019) Core i5 3.0GHz  - SSD 32 GB + HDD 1 TB - 8GB
    ","
        $892.00
      ","
          $1,799.00
        ","(None,)","
      Warranty: 12 months
    "
"
      MacBook Pro 15"" (2018) - QWERTY - English (US)
    ","
        $989.00
      ","
          $2,799.00
        ","
        Touch Bar - Retina - Core i7 - 2.2 GHz - SSD 512 GB - RAM 16GB
      ","
      Warranty: 12 months
    "
"
      MacBook Air 11"" (2013) - QWERTY - English (US)
    ","
        $149.99
      ","
          $999.00
        ","
        Core i5 - 1.3 GHz - SSD 128 GB - RAM 4GB
      ","
      Warranty: 12 months
    "
"
      MacBook Air 13"" (2014) - QWERTY - English (US)
    ","
        $202.00
      ","
          $1,300.00
        ","
        Core i7 - 1.7 GHz - SSD 256 GB - RAM 8GB
      ","
      Warranty: 12 months
    "
"
      HP M01-F0 Ryzen 3 3.6 GHz - HDD 1 TB RAM 8GB
    ","
        $279.99
      ","
          $569.99
        ","(None,)","
      Warranty: 12 months
    "
"
      MacBook Air 13"" (2015) - QWERTY - English (US)
    ","
        $393.99
      ","
          $1,149.00
        ","
        Core i7 - 2.2 GHz - SSD 128 GB - RAM 8GB
      ","
      Warranty: 12 months
    "
"
      MacBook Pro 13"" (2017) - QWERTY - English (US)
    ","
        $569.93
      ","
          $2,199.00
        ","
        Touch Bar - Retina - Core i5 - 3.1 GHz - SSD 512 GB - RAM 16GB
      ","
      Warranty: 12 months
    "
"
      MacBook Pro 15"" (2018) - QWERTY - English (US)
    ","
        $1,369.00
      ","
          $3,599.00
        ","
        Touch Bar - Retina - Core i9 - 2.9 GHz - SSD 256 GB - RAM 32GB
      ","
      Warranty: 12 months
    "
"
      Lenovo N21 Chromebook Celeron N2840 2.16 GHz 16GB SSD - 4GB
    ","
        $45.00
      ","
          $229.00
        ","(None,)","
      Warranty: 12 months
    "
"
      HP ChromeBook 11 G5 EE Celeron N3060 1.6 GHz 16GB eMMC - 4GB
    ","
        $68.00
      ","
          $250.00
        ","(None,)","
      Warranty: 12 months
    "
"
      Microsoft Surface 3 10"" Atom 1.6 GHz - SSD 128 GB - 4 GB QWERTY - English (US)
    ","
        $165.00
      ","
          $699.00
        ","(None,)","
      Warranty: 12 months
    "
"
      MacBook Pro 13"" (2015) - QWERTY - English (US)
    ","
        $439.99
      ","
          $1,799.00
        ","
        Retina - Core i5 - 2.9 GHz - SSD 512 GB - RAM 8GB
      ","
      Warranty: 12 months
    "
"
      MacBook Pro 15"" (2015) - QWERTY - English (US)
    ","
        $462.00
      ","
          $2,699.00
        ","
        Retina - Core i7 - 2.2 GHz - SSD 256 GB - RAM 16GB
      ","
      Warranty: 12 months
    "
"
      MacBook Pro 13"" (2015) - QWERTY - English (US)
    ","
        $545.00
      ","
          $1,799.00
        ","
        Retina - Core i5 - 2.9 GHz - SSD 256 GB - RAM 16GB
      ","
      Warranty: 12 months
    "
"
      MacBook Pro 16"" (2019) - QWERTY - English (US)
    ","
        $1,749.00
      ","
          $4,499.00
        ","
        Touch Bar - Retina - Core i9 - 2.4 GHz - SSD 2 TB - RAM 32GB
      ","
      Warranty: 12 months
    "
"
      Logitech Keyboard QWERTY Wireless Slim Folio
    ","
        $69.99
      ","
          $149.00
        ","(None,)","
      Warranty: 12 months
    "
"
      MacBook Pro 13"" (2014) - QWERTY - English (US)
    ","
        $251.37
      ","
          $1,299.00
        ","
        Retina - Core i5 - 2.6 GHz - SSD 128 GB - RAM 8GB
      ","
      Warranty: 12 months
    "
"
      Dell Latitude 7290 12.5-inch (2018) - Core i5-8350U - 16 GB - SSD 256 GB
    ","
        $331.98
      ","
          $1,699.00
        ","(None,)","
      Warranty: 12 months
    "
"
      MacBook Pro 13"" (2017) - QWERTY - English (US)
    ","
        $423.65
      ","
          $1,599.00
        ","
        Retina - Core i5 - 2.3 GHz - SSD 128 GB - RAM 8GB
      ","
      Warranty: 12 months
    "
"
      MacBook Pro 15"" (2014) - QWERTY - English (US)
    ","
        $368.00
      ","
          $1,999.00
        ","
        Retina - Core i7 - 2.2 GHz - SSD 256 GB - RAM 16GB
      ","
      Warranty: 12 months
    "
"
      MacBook Pro 13"" (2016) - QWERTY - English (US)
    ","
        $409.99
      ","
          $962.00
        ","
        Retina - Core i5 - 2.0 GHz - SSD 256 GB - RAM 8GB
      ","
      Warranty: 12 months
    "
"
      MacBook Pro 13"" (2017) - QWERTY - English (US)
    ","
        $571.05
      ","
          $1,799.00
        ","
        Touch Bar - Retina - Core i5 - 3.1 GHz - SSD 256 GB - RAM 8GB
      ","
      Warranty: 12 months
    "
"
      iMac 21.5-inch Retina (Early 2019) Core i5 3GHz - HDD 1 TB - 8GB
    ","
        $602.00
      ","
          $1,499.00
        ","(None,)","
      Warranty: 12 months
    "
"
      MacBook Pro 15"" (2017) - QWERTY - English (US)
    ","
        $722.78
      ","
          $2,799.00
        ","
        Touch Bar - Retina - Core i7 - 2.8 GHz - SSD 512 GB - RAM 16GB
      ","
      Warranty: 12 months
    "
"
      MacBook Pro 13"" (2020) - QWERTY - English (US)
    ","
        $730.00
      ","
          $1,999.00
        ","
        Touch Bar - Retina - Core i5 - 1.4 GHz - SSD 256 GB - RAM 8GB
      ","
      Warranty: 12 months
    "
"
      MacBook Pro 13"" (2018) - QWERTY - English (US)
    ","
        $746.00
      ","
          $2,240.00
        ","
        Touch Bar - Retina - Core i7 - 2.7 GHz - SSD 512 GB - RAM 16GB
      ","
      Warranty: 12 months
    "
"
      MacBook Pro 15"" (2015) - QWERTY - English (US)
    ","
        $769.99
      ","
          $1,999.00
        ","
        Retina - Core i7 - 2.8 GHz - SSD 1000 GB - RAM 16GB
      ","
      Warranty: 12 months
    "
"
      MacBook Air 13"" (2019) - QWERTY - English (US)
    ","
        $775.00
      ","
          $1,099.00
        ","
        Retina - Core i5 - 1.6 GHz - SSD 128 GB - RAM 16GB
      ","
      Warranty: 12 months
    "
"
      MacBook 12"" (2016) - QWERTY - English (US)
    ","
        $899.00
      ","
          $1,299.00
        ","
        Retina - Core m3 - 1.1 GHz - SSD 256 GB - RAM 8GB
      ","
      Warranty: 12 months
    "
"
      Mac mini (October 2012) Core i5 2.5 GHz - HDD 500 GB - 4GB
    ","
        $88.72
      ","
          $615.98
        ","(None,)","
      Warranty: 12 months
    "
"
      iMac 21.5-inch (Late 2012) Core i5 2.7GHz - HDD 1 TB - 8GB
    ","
        $199.99
      ","
          $1,699.00
        ","(None,)","
      Warranty: 12 months
    "
"
      Acer Chromebook Spin 511 R752T-C2YP 11.6-inch (2021) - Celeron N4020 - 4 GB - SSD 32 GB
    ","
        $314.99
      ","
          $399.99
        ","(None,)","
      Warranty: 12 months
    "
"
      Mac Mini Core i3-8100B 3.6GHz - SSD 128GB - RAM 8GB - QWERTY
    ","
        $432.30
      ","
          $799.00
        ","(None,)","
      Warranty: 12 months
    "
"
      MacBook Air 13"" (2018) - QWERTY - English (US)
    ","
        $599.99
      ","
          $1,399.00
        ","
        Retina - Core i5 - 1.6 GHz - SSD 256 GB - RAM 8GB
      ","
      Warranty: 12 months
    "
"
      MacBook Pro 15"" (2017) - QWERTY - English (US)
    ","
        $649.00
      ","
          $1,999.99
        ","
        Touch Bar - Retina - Core i7 - 2.9 GHz - SSD 512 GB - RAM 16GB
      ","
      Warranty: 12 months
    "
"
      iMac 27-inch Retina (Mid-2017) Core i7 4.2GHz - SSD 256 GB - 16GB
    ","
        $899.99
      ","
          $2,299.99
        ","(None,)","
      Warranty: 12 months
    "
"
      Lenovo Chromebook N23 Celeron N3060 1.6 GHz - SSD 16 GB - 4 GB
    ","
        $38.34
      ","
          $299.00
        ","(None,)","
      Warranty: 12 months
    "
"
      Dell Chromebook 4MDFK Celeron N2840 2.16 GHz 16GB SSD - 4GB
    ","
        $65.00
      ","
          $475.51
        ","(None,)","
      Warranty: 12 months
    "
"
      Lenovo ThinkPad X131E 11.6-inch (2012) - Core i3-2367M - 8 GB - SSD 128 GB
    ","
        $110.00
      ","
          $379.00
        ","(None,)","
      Warranty: 12 months
    "
"
      Lenovo IdeaPad Flex 3 11IGL05 Celeron 1.1 ghz 64gb eMMC - 4gb QWERTY - English (US)
    ","
        $149.66
      ","
          $439.99
        ","(None,)","
      Warranty: 12 months
    "
"
      MacBook Pro 13"" (2013) - QWERTY - English (US)
    ","
        $283.63
      ","
          $1,299.00
        ","
        Retina - Core i5 - 2.4 GHz - SSD 256 GB - RAM 8GB
      ","
      Warranty: 12 months
    "
"
      MacBook Pro 13"" (2016) - QWERTY - English (US)
    ","
        $510.00
      ","
          $1,799.00
        ","
        Touch Bar - Retina - Core i5 - 2.9 GHz - SSD 512 GB - RAM 8GB
      ","
      Warranty: 12 months
    "
"
      MacBook Pro 13"" (2017) - QWERTY - English (US)
    ","
        $549.99
      ","
          $1,799.00
        ","
        Touch Bar - Retina - Core i5 - 3.1 GHz - SSD 256 GB - RAM 16GB
      ","
      Warranty: 12 months
    "
"
      MacBook Pro 13"" (2016) - QWERTY - English (US)
    ","
        $665.00
      ","
          $1,500.00
        ","
        Touch Bar - Retina - Core i7 - 3.3 GHz - SSD 512 GB - RAM 16GB
      ","
      Warranty: 12 months
    "
"
      Mac mini (November 2020) M1 3.2 GHz - SSD 1 TB - 8GB
    ","
        $729.00
      ","
          $949.00
        ","(None,)","
      Warranty: 12 months
    "
"
      Acer Nitro 5 AN515-57-5700 15.6-inch - Core i5-11400H - 16GB 512GB NVIDIA GeForce RTX 3050 Ti QWERTY - English (US)
    ","
        $839.99
      ","
          $979.00
        ","(None,)","
      Warranty: 12 months
    "
"
      Acer Chromebook Spin 11 R751T-C4XP Celeron N3350 1.1 GHz 32GB SSD - 4GB
    ","
        $99.00
      ","
          $439.98
        ","(None,)","
      Warranty: 12 months
    "
"
      Microsoft Surface 3 7G5-00015 10"" Atom x7 1.6 GHz - eMMC 64 GB - 2 GB QWERTY - English (US)
    ","
        $189.99
      ","
          $699.99
        ","(None,)","
      Warranty: 12 months
    "
"
      MacBook Air 13"" (2015) - QWERTY - English (US)
    ","
        $299.00
      ","
          $999.00
        ","
        Core i5 - 1.6 GHz - SSD 64 GB - RAM 4GB
      ","
      Warranty: 12 months
    "
"
      MacBook Pro 13"" (2015) - QWERTY - English (US)
    ","
        $339.00
      ","
          $1,299.00
        ","
        Retina - Core i5 - 2.7 GHz - SSD 256 GB - RAM 8GB
      ","
      Warranty: 12 months
    "
"
      Dell OptiPlex 980 Core i5 3.2 GHz - HDD 500 GB RAM 8GB
    ","
        $124.97
      ","
          $314.00
        ","(None,)","
      Warranty: 12 months
    "
"
      Hp 23.8-inch Monitor 1920 x 1080 LED (24YH)
    ","
        $149.99
      ","
          $293.99
        ","(None,)","
      Warranty: 12 months
    "
"
      MacBook Air 13"" (2017) - QWERTY - English (US)
    ","
        $434.00
      ","
          $860.00
        ","
        Core i7 - 2.2 GHz - SSD 512 GB - RAM 8GB
      ","
      Warranty: 12 months
    "
"
      MacBook Air 13"" (2017) - QWERTY - English (US)
    ","
        $469.99
      ","
          $679.99
        ","
        Retina - Core i7 - 2.2 GHz - SSD 256 GB - RAM 8GB
      ","
      Warranty: 12 months
    "
"
      MacBook Pro 15"" (2015) - QWERTY - English (US)
    ","
        $528.00
      ","
          $1,095.00
        ","
        Retina - Core i7 - 2.8 GHz - SSD 512 GB - RAM 16GB
      ","
      Warranty: 12 months
    "
"
      Lenovo IdeaPad Slim 7i 14-inch (2021) - Core i7-1165G7 - 16 GB - SSD 1000 GB
    ","
        $699.66
      ","
          $1,429.99
        ","(None,)","
      Warranty: 12 months
    "
"
      Mac Mini (2012) Core i5 2.5GHz 16GB RAM 500GB HDD
    ","
        $179.00
      ","
          $629.00
        ","(None,)","
      Warranty: 12 months
    "
"
      Lenovo ThinkPad T460 14-inch (2016) - Core i5-6300U - 8 GB - SSD 256 GB
    ","
        $279.69
      ","
          $669.00
        ","(None,)","
      Warranty: 12 months
    "
"
      MacBook 12"" (2015) - QWERTY - English (US)
    ","
        $329.99
      ","
          $1,299.00
        ","
        Retina - Core M - 1.1 GHz - SSD 256 GB - RAM 8GB
      ","
      Warranty: 12 months
    "
"
      MacBook Pro 13"" (2012) - QWERTY - English (US)
    ","
        $344.00
      ","
          $645.00
        ","
        Core i5 - 2.5 GHz - SSD 512 GB - RAM 4GB
      ","
      Warranty: 12 months
    "
"
      Lenovo ThinkPad A475 14-inch (2016) - Pro A12-9800B - 8 GB - SSD 256 GB
    ","
        $399.89
      ","
          $600.00
        ","(None,)","
      Warranty: 12 months
    "
"
      MacBook Pro 15"" (2015) - QWERTY - English (US)
    ","
        $535.00
      ","
          $2,199.00
        ","
        Retina - Core i7 - 2.5 GHz - SSD 256 GB - RAM 16GB
      ","
      Warranty: 12 months
    "
"
      MacBook Pro 13"" (2017) - QWERTY - English (US)
    ","
        $551.00
      ","
          $1,299.00
        ","
        Retina - Core i5 - 2.3 GHz - SSD 256 GB - RAM 8GB
      ","
      Warranty: 12 months
    "
"
      MacBook Pro 13"" (2017) - QWERTY - English (US)
    ","
        $589.00
      ","
          $1,500.00
        ","
        Retina - Core i5 - 2.3 GHz - SSD 512 GB - RAM 8GB
      ","
      Warranty: 12 months
    "
"
      MacBook Pro 15"" (2015) - QWERTY - English (US)
    ","
        $630.00
      ","
          $2,499.00
        ","
        Retina - Core i7 - 2.5 GHz - SSD 1000 GB - RAM 16GB
      ","
      Warranty: 12 months
    "
"
      MacBook Pro 15"" (2018) - QWERTY - English (US)
    ","
        $843.73
      ","
          $2,399.00
        ","
        Touch Bar - Retina - Core i7 - 2.2 GHz - SSD 256 GB - RAM 16GB
      ","
      Warranty: 12 months
    "
"
      MacBook Air 13"" (2020) - QWERTY - English (US)
    ","
        $1,158.00
      ","
          $1,399.00
        ","
        Retina - Core i5 - 1.1 GHz - SSD 256 GB - RAM 16GB
      ","
      Warranty: 12 months
    "
"
      Chromebook XE500C12-K02US 11.6-inch (2019) - Celeron N2840 - 4 GB - HDD 16 GB
    ","
        $98.00
      ","
          $399.00
        ","(None,)","
      Warranty: 12 months
    "
"
      HP ChromeBook 14A-NA0031WM 14-inch - Intel Pentium Silver N5000 1.1Ghz - 4 GB - eMMC 64 GB
    ","
        $159.99
      ","
          $399.00
        ","(None,)","
      Warranty: 12 months
    "
"
      Dell OptiPlex 7010 Core i7 3.4 GHz GHz - HDD 2 TB RAM 16GB
    ","
        $277.00
      ","
          $675.00
        ","(None,)","
      Warranty: 12 months
    "
"
      iMac 21.5-inch Retina (Late 2015) Core i5 3.1GHz - HDD 1 TB - 8GB
    ","
        $339.99
      ","
          $2,019.00
        ","(None,)","
      Warranty: 12 months
    "
"
      MacBook Pro 13"" (2017) - QWERTY - English (US)
    ","
        $402.00
      ","
          $1,999.00
        ","
        Retina - Core i5 - 3.1 GHz - SSD 256 GB - RAM 8GB
      ","
      Warranty: 12 months
    "
"
      Microsoft Surface Pro 5 12"" Core i5 2.6 GHz - SSD 128 GB - 8 GB
    ","
        $434.99
      ","
          $454.99
        ","(None,)","
      Warranty: 12 months
    "
"
      Microsoft Surface Pro 5 12"" Core i5 2.6 GHz GHz - SSD 256 GB - 8 GB
    ","
        $539.00
      ","
          $1,080.00
        ","(None,)","
      Warranty: 12 months
    "
"
      MacBook Pro 13"" (2017) - QWERTY - English (US)
    ","
        $606.00
      ","
          $2,099.00
        ","
        Touch Bar - Retina - Core i7 - 3.5 GHz - SSD 256 GB - RAM 16GB
      ","
      Warranty: 12 months
    "
"
      27-inch Monitor 2560 x 1440 LCD (Thunderbolt Display)
    ","
        $615.00
      ","
          $769.98
        ","(None,)","
      Warranty: 12 months
    "
"
      MacBook Pro 15"" (2015) - QWERTY - English (US)
    ","
        $624.87
      ","
          $2,199.00
        ","
        Retina - Core i7 - 2.8 GHz - SSD 1000 GB - RAM 16GB
      ","
      Warranty: 12 months
    "
"
      Mac mini (Late 2020) M1 3.2 GHz - SSD 512 GB - 8GB
    ","
        $663.00
      ","
          $899.00
        ","(None,)","
      Warranty: 12 months
    "
"
      MacBook Air 13"" (2020) - QWERTY - English (US)
    ","
        $714.99
      ","
          $1,399.00
        ","
        Retina - Core i3 - 1.1 GHz - SSD 256 GB - RAM 8GB
      ","
      Warranty: 12 months
    "
"
      MacBook Pro 13"" (2020) - QWERTY - English (US)
    ","
        $839.00
      ","
          $1,649.00
        ","
        Touch Bar - Retina - Core i5 - 2.0 GHz - SSD 512 GB - RAM 16GB
      ","
      Warranty: 12 months
    "
"
      MacBook Pro 16"" (2019) - QWERTY - English (US)
    ","
        $1,696.99
      ","
          $3,450.00
        ","
        Touch Bar - Retina - Core i7 - 2.6 GHz - SSD 512 GB - RAM 32GB
      ","
      Warranty: 12 months
    "
"
      Lenovo N23 Chromebook 11.6-inch (2017) - Celeron N3060 - 4 GB - SSD 16 GB
    ","
        $39.00
      ","
          $299.99
        ","(None,)","
      Warranty: 12 months
    "
"
      Acer ChromeBook C740-C4Pe Celeron 3205U 1.50 GHz - SSD 16 GB - 4 GB
    ","
        $59.99
      ","
          $596.00
        ","(None,)","
      Warranty: 12 months
    "
"
      Chromebook Xe303c12-a01 Exynos 5 Dual 5250 1.7 GHz 16GB SSD - 2GB
    ","
        $69.11
      ","
          $300.00
        ","(None,)","
      Warranty: 12 months
    "
"
      Hp 24-inch Monitor 1920 x 1080 LED (M24F)
    ","
        $146.99
      ","
          $209.00
        ","(None,)","
      Warranty: 12 months
    "
"
      Mac Mini Core i5 2.6GHz (2014) - SSD 256GB - RAM 8GB
    ","
        $219.00
      ","
          $699.00
        ","(None,)","
      Warranty: 12 months
    "
"
      MacBook Air 13"" (2020) - QWERTY - English (US)
    ","
        $624.00
      ","
          $1,299.00
        ","
        Retina - Core i5 - 1.1 GHz - SSD 512 GB - RAM 8GB
      ","
      Warranty: 12 months
    "
"
      MacBook Air 13"" (2018) - QWERTY - English (US)
    ","
        $626.69
      ","
          $1,199.00
        ","
        Core i5 - 1.6 GHz - SSD 128 GB - RAM 8GB
      ","
      Warranty: 12 months
    "
"
      MacBook Air 13"" (2018) - QWERTY - English (US)
    ","
        $629.99
      ","
          $2,999.00
        ","
        Retina - Core i5 - 1.6 GHz - SSD 256 GB - RAM 8GB
      ","
      Warranty: 12 months
    "
"
      MacBook Pro 13"" (2017) - QWERTY - English (US)
    ","
        $634.00
      ","
          $1,299.00
        ","
        Retina - Core i5 - 2.3 GHz - SSD 256 GB - RAM 16GB
      ","
      Warranty: 12 months
    "
"
      MacBook Pro 13"" (2018) - QWERTY - English (US)
    ","
        $715.00
      ","
          $1,799.00
        ","
        Touch Bar - Retina - Core i5 - 2.3 GHz - SSD 512 GB - RAM 16GB
      ","
      Warranty: 12 months
    "
"
      MacBook Pro 15"" (2018) - QWERTY - English (US)
    ","
        $1,244.99
      ","
          $3,199.00
        ","
        Touch Bar - Retina - Core i9 - 2.9 GHz - SSD 1000 GB - RAM 32GB
      ","
      Warranty: 12 months
    "
"
      Apple MagSafe Duo Charger MHXF3AM/A - White
    ","
        $89.24
      ","
          $129.00
        ","(None,)","
      Warranty: 12 months
    "
"
      MacBook Pro 13"" (2013) - QWERTY - English (US)
    ","
        $250.00
      ","
          $1,499.00
        ","
        Retina - Core i5 - 2.6 GHz - SSD 256 GB - RAM 8GB
      ","
      Warranty: 12 months
    "
"
      MacBook Air 13"" (2015) - QWERTY - English (US)
    ","
        $311.00
      ","
          $999.00
        ","
        Core i5 - 1.6 GHz - SSD 256 GB - RAM 4GB
      ","
      Warranty: 12 months
    "
"
      MacBook Pro 13"" (2013) - QWERTY - English (US)
    ","
        $399.99
      ","
          $1,799.00
        ","
        Retina - Core i5 - 2.6 GHz - SSD 512 GB - RAM 8GB
      ","
      Warranty: 12 months
    "
"
      MacBook Pro 13"" (2015) - QWERTY - English (US)
    ","
        $497.00
      ","
          $1,499.00
        ","
        Retina - Core i7 - 3.1 GHz - SSD 256 GB - RAM 16GB
      ","
      Warranty: 12 months
    "
"
      MacBook Pro 15"" (2015) - QWERTY - English (US)
    ","
        $650.00
      ","
          $949.00
        ","
        Retina - Core i7 - 2.5 GHz - SSD 512 GB - RAM 16GB
      ","
      Warranty: 12 months
    "
"
      MacBook Pro 13"" (2018) - QWERTY - English (US)
    ","
        $697.00
      ","
          $2,299.00
        ","
        Touch Bar - Retina - Core i5 - 2.3 GHz - SSD 256 GB - RAM 16GB
      ","
      Warranty: 12 months
    "
"
      MSI GF75 Thin 10SCSR-448 17.3-inch - Core i5-10300H - 8GB 512GB NVIDIA GeForce GTX 1650 QWERTY - English (US)
    ","
        $699.66
      ","
          $814.99
        ","(None,)","
      Warranty: 12 months
    "
"
      MacBook Pro 13"" (2019) - QWERTY - English (US)
    ","
        $749.99
      ","
          $999.99
        ","
        Touch Bar - Retina - Core i5 - 1.4 GHz - SSD 256 GB - RAM 8GB
      ","
      Warranty: 12 months
    "
"
      MacBook Pro 13"" (2020) - QWERTY - English (US)
    ","
        $800.97
      ","
          $1,999.00
        ","
        Touch Bar - Retina - Core i5 - 1.4 GHz - SSD 256 GB - RAM 16GB
      ","
      Warranty: 12 months
    "
"
      Hp Stream 11 G2 11.6-inch (2017) - Celeron N3050 - 4 GB - SSD 64 GB
    ","
        $149.99
      ","
          $399.99
        ","(None,)","
      Warranty: 12 months
    "
"
      Lenovo 14E Chromebook 81MH000CUS A4 1.6 ghz 64gb SSD - 8gb QWERTY - English (US)
    ","
        $189.99
      ","
          $499.99
        ","(None,)","
      Warranty: 12 months
    "
"
      Acer 31.5-inch Monitor 2560 x 1440 QHD (ET322QU)
    ","
        $205.99
      ","
          $329.00
        ","(None,)","
      Warranty: 12 months
    "
"
      Lenovo Thinkpad T440 14-inch (2017) - Core i5-4300U - 8 GB  - HDD 500 GB
    ","
        $239.79
      ","
          $1,499.00
        ","(None,)","
      Warranty: 12 months
    "
"
      MacBook Air 13"" (2015) - QWERTY - English (US)
    ","
        $315.00
      ","
          $1,299.00
        ","
        Core i5 - 1.6 GHz - SSD 256 GB - RAM 8GB
      ","
      Warranty: 12 months
    "
"
      MacBook Pro 13"" (2015) - QWERTY - English (US)
    ","
        $319.99
      ","
          $1,299.00
        ","
        Retina - Core i5 - 2.7 GHz - HDD 128 GB - RAM 8GB
      ","
      Warranty: 12 months
    "
"
      iMac 21.5-inch (Late 2015) Core i5 2.8GHz - HDD 1 TB - 8GB
    ","
        $329.13
      ","
          $1,699.00
        ","(None,)","
      Warranty: 12 months
    "
"
      Mac Mini Core i7 3.0GHz (2014) SSD 256GB - RAM 16GB
    ","
        $399.00
      ","
          $999.00
        ","(None,)","
      Warranty: 12 months
    "
"
      MacBook Pro 13"" (2015) - QWERTY - English (US)
    ","
        $494.00
      ","
          $1,599.00
        ","
        Retina - Core i5 - 2.7 GHz - SSD 256 GB - RAM 16GB
      ","
      Warranty: 12 months
    "
"
      MacBook Pro 13"" (2016) - QWERTY - English (US)
    ","
        $540.00
      ","
          $1,999.00
        ","
        Touch Bar - Retina - Core i5 - 2.9 GHz - SSD 256 GB - RAM 8GB
      ","
      Warranty: 12 months
    "
"
      MacBook Pro 15"" (2015) - QWERTY - English (US)
    ","
        $594.00
      ","
          $1,999.00
        ","
        Retina - Core i7 - 2.2 GHz - SSD 1000 GB - RAM 16GB
      ","
      Warranty: 12 months
    "
"
      MacBook Pro 13"" (2019) - QWERTY - English (US)
    ","
        $750.00
      ","
          $1,699.00
        ","
        Touch Bar - Retina - Core i5 - 2.4 GHz - SSD 512 GB - RAM 16GB
      ","
      Warranty: 12 months
    "
"
      MacBook Pro 13"" (2019) - QWERTY - English (US)
    ","
        $999.00
      ","
          $1,999.00
        ","
        Touch Bar - Retina - Core i7 - 2.8 GHz - SSD 512 GB - RAM 16GB
      ","
      Warranty: 12 months
    "
"
      MacBook Pro 16"" (2019) - QWERTY - English (US)
    ","
        $1,549.00
      ","
          $3,150.00
        ","
        Touch Bar - Retina - Core i7 - 2.6 GHz - SSD 1000 GB - RAM 16GB
      ","
      Warranty: 12 months
    "
"
      Lenovo Chromebook N23 Celeron N3060 1.6 GHz 16GB SSD - 4GB
    ","
        $35.00
      ","
          $1,299.99
        ","(None,)","
      Warranty: 12 months
    "
"
      Acer Chromebook 11 C740 Celeron 3205U 1.5 GHz 16GB SSD - 4GB
    ","
        $54.99
      ","
          $335.00
        ","(None,)","
      Warranty: 12 months
    "
"
      Asus Chromebook C202S-YS02 Celeron 1.6 ghz 16gb SSD - 4gb QWERTY - English (US)
    ","
        $59.00
      ","
          $100.00
        ","(None,)","
      Warranty: 12 months
    "
"
      HP Chromebook 11 G4 Celeron N2840 2.16 GHz - SSD 16 GB - 4 GB
    ","
        $62.00
      ","
          $429.00
        ","(None,)","
      Warranty: 12 months
    "
"
      Acer ChromeBook C720-2103 Celeron 2957U 1.4 GHz - SSD 16 GB - 2 GB
    ","
        $99.00
      ","
          $173.00
        ","(None,)","
      Warranty: 12 months
    "
"
      Acer 27-inch Monitor 1920 x 1080 LED (ED270R Sbiipx)
    ","
        $136.99
      ","
          $229.99
        ","(None,)","
      Warranty: 12 months
    "
"
      Essential Curved 27-inch 1920 x 1080 FHD Monitor (LC27F396FHNXZA)
    ","
        $169.99
      ","
          $199.99
        ","(None,)","
      Warranty: 12 months
    "
"
      Dell OptiPlex 7020 SFF Core i5 3.2 GHz - SSD 500 GB RAM 8GB
    ","
        $179.97
      ","
          $959.00
        ","(None,)","
      Warranty: 12 months
    "
"
      MacBook Air 13"" (2014) - QWERTY - English (US)
    ","
        $316.99
      ","
          $1,599.00
        ","
        Core i7 - 1.7 GHz - SSD 512 GB - RAM 8GB
      ","
      Warranty: 12 months
    "
"
      Microsoft Surface Pro 5 12"" Core i5 2.6 GHz - SSD 256 GB - 8 GB Without Keyboard
    ","
        $355.00
      ","
          $856.00
        ","(None,)","
      Warranty: 12 months
    "
"
      MacBook Pro 13"" (2015) - QWERTY - English (US)
    ","
        $364.00
      ","
          $1,799.00
        ","
        Retina - Core i5 - 2.9 GHz - SSD 256 GB - RAM 8GB
      ","
      Warranty: 12 months
    "
"
      MacBook 12"" (2017) - QWERTY - English (US)
    ","
        $418.00
      ","
          $1,299.00
        ","
        Retina - Core m3 - 1.2 GHz - SSD 256 GB - RAM 8GB
      ","
      Warranty: 12 months
    "
"
      MacBook Pro 15"" (2014) - QWERTY - English (US)
    ","
        $444.00
      ","
          $2,699.00
        ","
        Retina - Core i7 - 2.8 GHz - SSD 512 GB - RAM 16GB
      ","
      Warranty: 12 months
    "
"
      Dell Latitude E7450 14-inch (2015) - Core i5-5300U - 8 GB - SSD 256 GB
    ","
        $469.00
      ","
          $639.99
        ","(None,)","
      Warranty: 12 months
    "
"
      MacBook Pro 15"" (2014) - QWERTY - English (US)
    ","
        $487.94
      ","
          $2,699.00
        ","
        Retina - Core i7 - 2.8 GHz - SSD 1000 GB - RAM 16GB
      ","
      Warranty: 12 months
    "
"
      MacBook Pro 15"" (2016) - QWERTY - English (US)
    ","
        $549.00
      ","
          $2,399.00
        ","
        Touch Bar - Retina - Core i7 - 2.6 GHz - SSD 256 GB - RAM 16GB
      ","
      Warranty: 12 months
    "
"
      iMac 21.5-inch Retina (Early 2019) Core i5 3GHz - HDD 1 TB - 8GB
    ","
        $639.99
      ","
          $1,599.99
        ","(None,)","
      Warranty: 12 months
    "
"
      iMac 27-inch Retina (Mid-2017) Core i5 3.4GHz - HDD 1 TB - 8GB
    ","
        $679.99
      ","
          $2,289.00
        ","(None,)","
      Warranty: 12 months
    "
"
      MacBook Pro 15"" (2017) - QWERTY - English (US)
    ","
        $726.00
      ","
          $2,399.00
        ","
        Touch Bar - Retina - Core i7 - 2.8 GHz - SSD 256 GB - RAM 16GB
      ","
      Warranty: 12 months
    "
"
      MacBook Pro 13"" (2017) - QWERTY - English (US)
    ","
        $739.99
      ","
          $1,799.00
        ","
        Touch Bar - Retina - Core i7 - 3.5 GHz - SSD 1000 GB - RAM 16GB
      ","
      Warranty: 12 months
    "
"
      MacBook Pro 15"" (2018) - QWERTY - English (US)
    ","
        $788.00
      ","
          $1,399.00
        ","
        Touch Bar - Retina - Core i7 - 2.6 GHz - SSD 512 GB - RAM 16GB
      ","
      Warranty: 12 months
    "
"
      MacBook Pro 15"" (2015) - QWERTY - English (US)
    ","
        $797.00
      ","
          $2,699.00
        ","
        Retina - Core i7 - 2.8 GHz - SSD 1000 GB - RAM 16GB
      ","
      Warranty: 12 months
    "
"
      Acer Nitro 5 AN515-57-74TT 15.6-inch - Core i7-11800H - 16GB 512GB NVIDIA GeForce RTX 3050 Ti QWERTY - English (US)
    ","
        $884.99
      ","
          $1,099.99
        ","(None,)","
      Warranty: 12 months
    "
"
      Chromebook XE303C12-A01US Exynos 1.7 ghz 16gb eMMC - 2gb QWERTY - English (US)
    ","
        $57.00
      ","
          $200.00
        ","(None,)","
      Warranty: 12 months
    "
"
      Acer C720-2844 11.6-inch (2013) - Celeron 2955U - 4 GB - SSD 16 GB
    ","
        $58.00
      ","
          $399.99
        ","(None,)","
      Warranty: 12 months
    "
"
      HP Chromebook 11 G3 Celeron N2840 2.16 GHz - SSD 16 GB - 4 GB
    ","
        $69.00
      ","
          $489.00
        ","(None,)","
      Warranty: 12 months
    "
"
      Lenovo N21 Chromebook Celeron N2840 2.16 GHz 16GB eMMC - 2GB
    ","
        $89.00
      ","
          $263.98
        ","(None,)","
      Warranty: 12 months
    "
"
      HP ChromeBook 14 G4 Celeron N2840 2.16 GHz 16GB eMMC - 4GB
    ","
        $94.99
      ","
          $187.00
        ","(None,)","
      Warranty: 12 months
    "
"
      Acer 27-inch Monitor 1920 x 1080 FHD (KA272)
    ","
        $98.99
      ","
          $199.00
        ","(None,)","
      Warranty: 12 months
    "
"
      MacBook Air 11"" (2012) - QWERTY - English (US)
    ","
        $178.26
      ","
          $999.00
        ","
        Core i5 - 1.7 GHz - SSD 128 GB - RAM 4GB
      ","
      Warranty: 12 months
    "
"
      HP Chromebook 14A-NA0010NR Celeron 1.1 ghz 32gb eMMC - 4gb QWERTY - English (US)
    ","
        $195.83
      ","
          $279.99
        ","(None,)","
      Warranty: 12 months
    "
"
      Lenovo ThinkPad T430 14-inch (2012) - Core i5-3320M - 8 GB - SSD 128 GB
    ","
        $299.69
      ","
          $559.99
        ","(None,)","
      Warranty: 12 months
    "
"
      MacBook Air 13"" (2017) - QWERTY - English (US)
    ","
        $378.00
      ","
          $1,395.00
        ","
        Core i7 - 2.2 GHz - SSD 256 GB - RAM 8GB
      ","
      Warranty: 12 months
    "
"
      MacBook Pro 13"" (2015) - QWERTY - English (US)
    ","
        $380.00
      ","
          $1,136.25
        ","
        Retina - Core i5 - 2.7 GHz - SSD 128 GB - RAM 8GB
      ","
      Warranty: 12 months
    "
"
      Mac Mini Core i3 3.6GHz (2018) - SSD 256GB - RAM 8GB
    ","
        $420.00
      ","
          $799.00
        ","(None,)","
      Warranty: 12 months
    "
"
      MacBook Air 13"" (2017) - QWERTY - English (US)
    ","
        $529.99
      ","
          $693.00
        ","
        Core i7 - 2.2 GHz - SSD 512 GB - RAM 8GB
      ","
      Warranty: 12 months
    "
"
      HP Pavilion x360 14-DH 14"" Core i5 1.6 GHz - SSD 512 GB - 8 GB QWERTY - English (US)
    ","
        $569.99
      ","
          $799.99
        ","(None,)","
      Warranty: 12 months
    "
"
      MacBook Air 13"" (2017) - QWERTY - English (US)
    ","
        $657.00
      ","
          $1,799.00
        ","
        Core i5 - 1.8 GHz - SSD 1000 GB - RAM 8GB
      ","
      Warranty: 12 months
    "
"
      MacBook Pro 13"" (2018) - QWERTY - English (US)
    ","
        $672.50
      ","
          $2,299.00
        ","
        Touch Bar - Retina - Core i5 - 2.3 GHz - SSD 512 GB - RAM 8GB
      ","
      Warranty: 12 months
    "
"
      iMac 21.5-inch (June 2017) Core i5 2.3GHz - SSD 256 GB - 8GB
    ","
        $688.00
      ","
          $1,299.00
        ","(None,)","
      Warranty: 12 months
    "
"
      MacBook Pro 13"" (2019) - QWERTY - English (US)
    ","
        $799.00
      ","
          $1,699.00
        ","
        Touch Bar - Retina - Core i5 - 2.4 GHz - SSD 256 GB - RAM 16GB
      ","
      Warranty: 12 months
    "
"
      MacBook Pro 15"" (2013) - QWERTY - English (US)
    ","
        $900.00
      ","
          $2,549.00
        ","
        Retina - Core i7 - 2.8 GHz - SSD 768 GB - RAM 16GB
      ","
      Warranty: 12 months
    "
"
      MacBook Pro 16"" (2019) - QWERTY - English (US)
    ","
        $1,999.00
      ","
          $3,499.00
        ","
        Touch Bar - Retina - Core i9 - 2.3 GHz - SSD 2 TB - RAM 16GB
      ","
      Warranty: 12 months
    "
"
      Charger Belkin Boost Up - Black
    ","
        $15.00
      ","
          $70.00
        ","(None,)","
      Warranty: 12 months
    "
"
      Dell Chromebook 11-3120 P22T Celeron 2.16 ghz 16gb SSD - 4gb QWERTZ - German
    ","
        $60.00
      ","
          $165.00
        ","(None,)","
      Warranty: 12 months
    "
"
      Dell WD15 K17A Docking Station
    ","
        $75.00
      ","
          $299.95
        ","(None,)","
      Warranty: 12 months
    "
"
      Mac Mini Core i5 2.3GHz (2011)  500GB / 4GB RAM
    ","
        $81.00
      ","
          $500.00
        ","(None,)","
      Warranty: 12 months
    "
"
      HP ChromeBook 14 G5 Celeron N3350 1.1 GHz 16GB eMMC - 4GB
    ","
        $94.86
      ","
          $279.00
        ","(None,)","
      Warranty: 12 months
    "
"
      Acer Chromebook C740-C4PE Celeron 3205U 1.5 GHz 16GB SSD - 4GB
    ","
        $124.00
      ","
          $307.99
        ","(None,)","
      Warranty: 12 months
    "
"
      Dell 23.8-inch Monitor 1920 x 1080 LED (P2422HE)
    ","
        $139.99
      ","
          $329.99
        ","(None,)","
      Warranty: 12 months
    "
"
      Hp NoteBook 14-DQ0005DX 14-inch (2019) - Celeron N4020 - 4 GB - SSD 64 GB
    ","
        $175.88
      ","
          $288.99
        ","(None,)","
      Warranty: 12 months
    "
"
      MacBook Air 13"" (2014) - QWERTY - English (US)
    ","
        $216.00
      ","
          $999.00
        ","
        Core i5 - 1.4 GHz - SSD 128 GB - RAM 8GB
      ","
      Warranty: 12 months
    "
"
      iMac 21.5-inch (Late 2015) Core i5 1.6GHz - HDD 1 TB - 8GB
    ","
        $299.99
      ","
          $1,899.99
        ","(None,)","
      Warranty: 12 months
    "
"
      MacBook Pro 13"" (2012) - QWERTY - English (US)
    ","
        $311.12
      ","
          $1,199.00
        ","
        Core i5 - 2.5 GHz - HDD 512 GB - RAM 16GB
      ","
      Warranty: 12 months
    "
"
      Lenovo ThinkPad T460s 14-inch (2018) - Core i7-6600U - 8 GB - SSD 256 GB
    ","
        $388.98
      ","
          $896.00
        ","(None,)","
      Warranty: 12 months
    "
"
      MacBook Air 13"" (2012) - QWERTY - English (US)
    ","
        $400.00
      ","
          $1,199.00
        ","
        Core i5 - 1.8 GHz - SSD 128 GB - RAM 8GB
      ","
      Warranty: 12 months
    "
"
      MacBook Air 13"" (2015) - QWERTY - English (US)
    ","
        $437.00
      ","
          $999.00
        ","
        Core i5 - 1.6 GHz - SSD 512 GB - RAM 8GB
      ","
      Warranty: 12 months
    "
"
      MacBook Pro 13"" (2016) - QWERTY - English (US)
    ","
        $479.00
      ","
          $1,799.00
        ","
        Touch Bar - Retina - Core i5 - 2.9 GHz - SSD 256 GB - RAM 8GB
      ","
      Warranty: 12 months
    "
"
      MacBook Pro 13"" (2016)
    ","
        $499.99
      ","
          $1,099.00
        ","
        Retina - Core i5 - 2.0 GHz - SSD 256 GB - RAM 8GB
      ","
      Warranty: 12 months
    "
"
      MacBook Pro 13"" (2017) - QWERTY - Spanish
    ","
        $551.00
      ","
          $9,999.00
        ","
        Touch Bar - Retina - Core i5 - 3.1 GHz - SSD 256 GB - RAM 8GB
      ","
      Warranty: 12 months
    "
"
      MacBook Air 13"" (2019) - QWERTY - English (US)
    ","
        $553.00
      ","
          $1,099.00
        ","
        Retina - Core i5 - 1.6 GHz - SSD 128 GB - RAM 8GB
      ","
      Warranty: 12 months
    "
"
      MacBook Pro 13"" (2016) - QWERTY - English (US)
    ","
        $609.00
      ","
          $1,599.00
        ","
        Touch Bar - Retina - Core i5 - 2.9 GHz - SSD 512 GB - RAM 16GB
      ","
      Warranty: 12 months
    "
"
      MacBook Air 13"" (2019) - QWERTY - English (US)
    ","
        $649.99
      ","
          $1,250.00
        ","
        Retina - Core i5 - 1.6 GHz - SSD 256 GB - RAM 8GB
      ","
      Warranty: 12 months
    "
"
      MacBook Pro 15"" (2018) - QWERTY - English (US)
    ","
        $702.00
      ","
          $2,399.00
        ","
        Touch Bar - Retina - Core i7 - 2.2 GHz - SSD 256 GB - RAM 16GB
      ","
      Warranty: 12 months
    "
"
      MacBook Pro 15"" (2018) - QWERTY - English (US)
    ","
        $814.00
      ","
          $2,199.00
        ","
        Touch Bar - Retina - Core i7 - 2.6 GHz - SSD 512 GB - RAM 16GB
      ","
      Warranty: 12 months
    "
"
      MacBook Pro 15"" (2016) - QWERTY - English (US)
    ","
        $852.00
      ","
          $1,999.99
        ","
        Retina - Core i7 - 2.7 GHz - SSD 512 GB - RAM 16GB
      ","
      Warranty: 12 months
    "
"
      MacBook Pro 15"" (2015) - QWERTY - English (US)
    ","
        $979.98
      ","
          $1,999.00
        ","
        Retina - Core i7 - 2.2 GHz - SSD 512 GB - RAM 16GB
      ","
      Warranty: 12 months
    "
"
      iMac 27-inch Retina (Early 2019) Core i5 3.0GHz - HDD 1 TB - 8GB
    ","
        $1,099.00
      ","
          $1,999.00
        ","(None,)","
      Warranty: 12 months
    "
"
      MacBook Pro 15"" (2019) - QWERTY - English (US)
    ","
        $1,238.00
      ","
          $2,641.00
        ","
        Touch Bar - Retina - Core i9 - 2.3 GHz - SSD 512 GB - RAM 16GB
      ","
      Warranty: 12 months
    "
"
      MacBook Pro 15"" (2019) - QWERTY - English (US)
    ","
        $1,683.00
      ","
          $3,299.00
        ","
        Touch Bar - Retina - Core i9 - 2.3 GHz - SSD 512 GB - RAM 32GB
      ","
      Warranty: 12 months
    "
"
      MacBook Pro 15"" (2019) - QWERTY - English (US)
    ","
        $1,937.00
      ","
          $2,899.00
        ","
        Touch Bar - Retina - Core i7 - 2.6 GHz - SSD 512 GB - RAM 32GB
      ","
      Warranty: 12 months
    "
"
      Dell ChromeBook 3180 Celeron N3060 1.6 GHz 16GB eMMC - 4GB
    ","
        $54.45
      ","
          $234.00
        ","(None,)","
      Warranty: 12 months
    "
"
      Lenovo ThinkPad 11E 11-inch (2015) - Celeron N2930 - 4 GB  - SSD 16 GB
    ","
        $59.99
      ","
          $424.00
        ","(None,)","
      Warranty: 12 months
    "
"
      Acer C720-2844 Celeron 1.4 ghz 16gb SSD - 4gb QWERTY - English (US)
    ","
        $60.57
      ","
          $94.95
        ","(None,)","
      Warranty: 12 months
    "
"
      Lenovo 300E 11"" 2.1 GHz - SSD 32 GB - 4 GB QWERTY - English (US)
    ","
        $70.00
      ","
          $429.00
        ","(None,)","
      Warranty: 12 months
    "
"
      Magic mouse 2 Wireless - Space gray
    ","
        $99.00
      ",,"(None,)","
      Warranty: 12 months
    "
"
      Hp Stream 11 Pro G4 EE 11.6-inch (2017) - Celeron N3450 - 4 GB - eMMC 64 GB
    ","
        $129.48
      ","
          $259.78
        ","(None,)","
      Warranty: 12 months
    "
"
      Dell Optiplex 7040 Micro Core i5 2.5 GHz - SSD 256 GB RAM 8GB
    ","
        $255.00
      ","
          $889.00
        ","(None,)","
      Warranty: 12 months
    "
"
      Dell OptiPlex 9020 Core i5-4570 3.20 GHz - HDD 500GB - RAM 8GB - QWERTY
    ","
        $264.97
      ","
          $450.00
        ","(None,)","
      Warranty: 12 months
    "
"
      iMac 21.5-inch (Late 2013) Core i5 2.70GHz - HDD 1 TB - 8GB
    ","
        $290.03
      ","
          $1,999.00
        ","(None,)","
      Warranty: 12 months
    "
"
      MacBook 12"" (2015) - QWERTY - English (US)
    ","
        $319.99
      ","
          $1,299.00
        ","
        Retina - Core M - 1.1 GHz - SSD 256 GB - RAM 8GB
      ","
      Warranty: 12 months
    "
"
      MacBook Pro 15"" (2013) - QWERTY - English (US)
    ","
        $345.00
      ","
          $2,199.00
        ","
        Retina - Core i7 - 2.4 GHz - SSD 256 GB - RAM 8GB
      ","
      Warranty: 12 months
    "
"
      Dell Latitude 7480 14-inch (2017) - Core i5-6300U - 16 GB  - SSD 256 GB
    ","
        $409.99
      ","
          $599.00
        ","(None,)","
      Warranty: 12 months
    "
"
      MacBook Pro 15"" (2013) - QWERTY - English (US)
    ","
        $416.36
      ","
          $1,999.00
        ","
        Retina - Core i7 - 2.0 GHz - SSD 256 GB - RAM 8GB
      ","
      Warranty: 12 months
    "
"
      Mac Mini Core i7 3.0GHz (Late 2014) RAM 16GB - HDD 1TB + SSD 128GB
    ","
        $432.84
      ","
          $799.00
        ","(None,)","
      Warranty: 12 months
    "
"
      MacBook 12"" (2017) - QWERTY - English (US)
    ","
        $445.63
      ","
          $1,299.00
        ","
        Retina - Core m3 - 1.2 GHz - SSD 256 GB - RAM 8GB
      ","
      Warranty: 12 months
    "
"
      MacBook Pro 13"" (2015) - QWERTY - English (US)
    ","
        $447.99
      ","
          $999.00
        ","
        Retina - Core i5 - 2.9 GHz - SSD 512 GB - RAM 16GB
      ","
      Warranty: 12 months
    "
"
      Acer Chromebook Spin 713 CP713-3W-5102 13.5-inch (2020) - Core i5-1135G7 - 8 GB - SSD 256 GB
    ","
        $472.99
      ","
          $699.99
        ","(None,)","
      Warranty: 12 months
    "
"
      MacBook Pro 13"" (2015)
    ","
        $524.00
      ","
          $1,499.00
        ","
        Retina - Core i7 - 3.1 GHz - SSD 1000 GB - RAM 16GB
      ","
      Warranty: 12 months
    "
"
      MacBook Pro 15"" (2014) - QWERTY - English (US)
    ","
        $530.00
      ","
          $2,509.00
        ","
        Retina - Core i7 - 2.5 GHz - SSD 512 GB - RAM 16GB
      ","
      Warranty: 12 months
    "
"
      MacBook Pro 15"" (2016) - QWERTY - English (US)
    ","
        $688.00
      ","
          $2,999.00
        ","
        Touch Bar - Retina - Core i7 - 2.7 GHz - SSD 512 GB - RAM 16GB
      ","
      Warranty: 12 months
    "
"
      MacBook Air 13"" (2020) - QWERTY - English (US)
    ","
        $749.99
      ","
          $1,299.00
        ","
        Retina - Core i3 - 1.1 GHz - SSD 256 GB - RAM 8GB
      ","
      Warranty: 12 months
    "
"
      iMac 27-inch   (Late 2013) Core i7 3.5GHz  - HDD 1 TB - 8GB
    ","
        $788.00
      ","
          $2,199.00
        ","(None,)","
      Warranty: 12 months
    "
"
      MacBook Pro 13"" (2019) - QWERTY - English (US)
    ","
        $829.00
      ","
          $1,499.00
        ","
        Touch Bar - Retina - Core i5 - 2.4 GHz - SSD 256 GB - RAM 8GB
      ","
      Warranty: 12 months
    "
"
      MacBook Pro 13"" (2020) - QWERTY - English (US)
    ","
        $875.00
      ","
          $1,799.00
        ","
        Touch Bar - Retina - Core i5 - 2.0 GHz - SSD 512 GB - RAM 16GB
      ","
      Warranty: 12 months
    "
"
      MacBook Pro 15"" (2017) - QWERTY - English (US)
    ","
        $959.00
      ","
          $2,799.00
        ","
        Touch Bar - Retina - Core i7 - 2.8 GHz - SSD 512 GB - RAM 16GB
      ","
      Warranty: 12 months
    "
"
      MacBook Pro 13"" (2020) - QWERTY - English (US)
    ","
        $999.00
      ","
          $1,799.00
        ","
        Touch Bar - Retina - Core i5 - 2.0 GHz - SSD 512 GB - RAM 16GB
      ","
      Warranty: 12 months
    "
"
      MacBook Pro 13"" (2020) - QWERTY - English (US)
    ","
        $1,059.00
      ","
          $2,299.00
        ","
        Touch Bar - Retina - Core i5 - 2.0 GHz - SSD 1000 GB - RAM 32GB
      ","
      Warranty: 12 months
    "
"
      MacBook Pro 13"" (2017) - QWERTY - English (US)
    ","
        $1,459.00
      ","
          $1,499.00
        ","
        Retina - Core i5 - 2.3 GHz - SSD 128 GB - RAM 16GB
      ","
      Warranty: 12 months
    "
"
      iMac Pro 27-inch Retina (Late 2017) Xeon 3.2GHz - SSD 1000 GB - 32GB
    ","
        $2,093.00
      ","
          $4,999.00
        ","(None,)","
      Warranty: 12 months
    "
"
      Webcam Potenza VS15-1080P - Black
    ","
        $19.99
      ","
          $79.00
        ","(None,)","
      Warranty: 12 months
    "
"
      Wireless Charger Trio
    ","
        $34.99
      ","
          $90.00
        ","(None,)","
      Warranty: 12 months
    "
"
      Chromebook XE500C12-K02US Celeron 2.16 ghz 16gb eMMC - 4gb QWERTY - English (US)
    ","
        $87.31
      ","
          $399.00
        ","(None,)","
      Warranty: 12 months
    "
"
      Dell Chromebook 11-3189 Celeron N3060 1.6 GHz - SSD 16 GB - 4 GB
    ","
        $109.99
      ","
          $399.00
        ","(None,)","
      Warranty: 12 months
    "
"
      LG 24-inch 1920 x 1080 FHD Monitor (24BK550Y-B-A)
    ","
        $124.99
      ","
          $399.00
        ","(None,)","
      Warranty: 12 months
    "
"
      Dell Latitude 3150 11.6-inch (2015) - Pentium N3540 - 4 GB - SSD 128 GB
    ","
        $169.00
      ","
          $200.00
        ","(None,)","
      Warranty: 12 months
    "
"
      Lenovo Chromebook Duet Helio 2 ghz 64gb eMMC - 4gb QWERTY - English (US)
    ","
        $175.61
      ","
          $249.99
        ","(None,)","
      Warranty: 12 months
    "
